{"cameraMode":{"drawMode":0,"name":"Shaded","section":"Shading Mode"},"sceneLighting":false,"audioPlay":false,"sceneViewState":{"showFog":false,"showMaterialUpdate":false,"showSkybox":false,"showFlares":false,"showImageEffects":false,"showParticleSystems":false},"in2DMode":false,"pivot":{"x":0.39851710200309756,"y":0.022979795932769777,"z":-0.26537609100341799},"rotation":{"x":-0.037278078496456149,"y":0.9616130590438843,"z":-0.21433837711811067,"w":-0.16724516451358796},"size":0.6073950529098511,"orthographic":false}